Workbook

Sheet 시장 개요 및 KPI
B2: 다나와 키보드 시장 분석 Executive Summary
B3: 분석 대상: 다나와 키보드 인기 상품 100개 | 분석 기준일: 2026년 8월 | 데이터 출처: danawa.com
B5: 총 등록 제품 수 | D5: 평균 판매 가격 | F5: 중앙 판매 가격
B6: =COUNTA('키보드 원본데이터'!B2:B101) | D6: =AVERAGE('키보드 원본데이터'!C2:C101) | F6: =MEDIAN('키보드 원본데이터'!C2:C101)
B8: 최저가 제품 | D8: 최고가 제품 | F8: 총 누적 리뷰 수
B9: =MIN('키보드 원본데이터'!C2:C101) | D9: =MAX('키보드 원본데이터'!C2:C101) | F9: =SUM('키보드 원본데이터'!F2:F101)
B12: 📌 핵심 시장 트렌드 및 요약
B13: 구분 | D13: 주요 분석 내용
B14: 1. 가성비 & 커스텀 기계식 열풍 | D14: AULA(독거미)와 앱코, 프리플로우 등이 4~8만원대 가스켓 마운트 및 저소음 스위치를 앞세워 대중적 인기 점유.
B15: 2. 연결 방식의 삼원화 | D15: 유선(43%), 유무선 겸용(32%), 무선(23%)로 3방향 분화. 특히 유무선 제품의 평균 가격(9.1만원)이 가장 높게 형성.
B16: 3. 로지텍의 독보적 대중성 | D16: 로지텍은 전체 리뷰 수의 62.6%(2,605건)를 독식하며 무선 오피스 및 스테디셀러 키보드 시장을 완벽히 지배.
B17: 4. 스위치 다변화와 저소음 축 부상 | D17: 과거 청축/갈축 중심에서 벗어나 '저소음 바다축', '저소음 피치축', '마그네틱 자석축(래피드 트리거)' 등 특수 스위치 급부상.
B18: 5. 가격 양극화 현상 심화 | D18: 3만원 미만 초가성비(29개) 및 7~12만원 커스텀(29개)이 주류이며, 20만원 이상 하이엔드 게이밍(10개)으로 양극화.

Sheet 브랜드 및 가격 분석
B2: 1. 브랜드별 종합 성과 분석 (Brand Breakdown)
B4: 브랜드명 | C4: 제품 수 | D4: 점유율 | E4: 평균 가격 | F4: 최저 가격 | G4: 최고 가격 | H4: 누적 리뷰 수 | I4: 평균 리뷰 수
B5: 로지텍 | C5: =COUNTIF('키보드 원본데이터'!$D$2:$D$101, "로지텍") | D5: =C5/COUNTA('키보드 원본데이터'!$D$2:$D$101) | E5: =AVERAGEIF('키보드 원본데이터'!$D$2:$D$101, "로지텍", '키보드 원본데이터'!$C$2:$C$101) | F5: =MINIFS('키보드 원본데이터'!$C$2:$C$101, '키보드 원본데이터'!$D$2:$D$101, "로지텍") | G5: =MAXIFS('키보드 원본데이터'!$C$2:$C$101, '키보드 원본데이터'!$D$2:$D$101, "로지텍") | H5: =SUMIF('키보드 원본데이터'!$D$2:$D$101, "로지텍", '키보드 원본데이터'!$F$2:$F$101) | I5: =IF(C5>0, H5/C5, 0)
B6: 앱코 | C6: =COUNTIF('키보드 원본데이터'!$D$2:$D$101, "앱코") | D6: =C6/COUNTA('키보드 원본데이터'!$D$2:$D$101) | E6: =AVERAGEIF('키보드 원본데이터'!$D$2:$D$101, "앱코", '키보드 원본데이터'!$C$2:$C$101) | F6: =MINIFS('키보드 원본데이터'!$C$2:$C$101, '키보드 원본데이터'!$D$2:$D$101, "앱코") | G6: =MAXIFS('키보드 원본데이터'!$C$2:$C$101, '키보드 원본데이터'!$D$2:$D$101, "앱코") | H6: =SUMIF('키보드 원본데이터'!$D$2:$D$101, "앱코", '키보드 원본데이터'!$F$2:$F$101) | I6: =IF(C6>0, H6/C6, 0)
B7: AULA | C7: =COUNTIF('키보드 원본데이터'!$D$2:$D$101, "AULA") | D7: =C7/COUNTA('키보드 원본데이터'!$D$2:$D$101) | E7: =AVERAGEIF('키보드 원본데이터'!$D$2:$D$101, "AULA", '키보드 원본데이터'!$C$2:$C$101) | F7: =MINIFS('키보드 원본데이터'!$C$2:$C$101, '키보드 원본데이터'!$D$2:$D$101, "AULA") | G7: =MAXIFS('키보드 원본데이터'!$C$2:$C$101, '키보드 원본데이터'!$D$2:$D$101, "AULA") | H7: =SUMIF('키보드 원본데이터'!$D$2:$D$101, "AULA", '키보드 원본데이터'!$F$2:$F$101) | I7: =IF(C7>0, H7/C7, 0)
B8: COX | C8: =COUNTIF('키보드 원본데이터'!$D$2:$D$101, "COX") | D8: =C8/COUNTA('키보드 원본데이터'!$D$2:$D$101) | E8: =AVERAGEIF('키보드 원본데이터'!$D$2:$D$101, "COX", '키보드 원본데이터'!$C$2:$C$101) | F8: =MINIFS('키보드 원본데이터'!$C$2:$C$101, '키보드 원본데이터'!$D$2:$D$101, "COX") | G8: =MAXIFS('키보드 원본데이터'!$C$2:$C$101, '키보드 원본데이터'!$D$2:$D$101, "COX") | H8: =SUMIF('키보드 원본데이터'!$D$2:$D$101, "COX", '키보드 원본데이터'!$F$2:$F$101) | I8: =IF(C8>0, H8/C8, 0)
B9: CORSAIR | C9: =COUNTIF('키보드 원본데이터'!$D$2:$D$101, "CORSAIR") | D9: =C9/COUNTA('키보드 원본데이터'!$D$2:$D$101) | E9: =AVERAGEIF('키보드 원본데이터'!$D$2:$D$101, "CORSAIR", '키보드 원본데이터'!$C$2:$C$101) | F9: =MINIFS('키보드 원본데이터'!$C$2:$C$101, '키보드 원본데이터'!$D$2:$D$101, "CORSAIR") | G9: =MAXIFS('키보드 원본데이터'!$C$2:$C$101, '키보드 원본데이터'!$D$2:$D$101, "CORSAIR") | H9: =SUMIF('키보드 원본데이터'!$D$2:$D$101, "CORSAIR", '키보드 원본데이터'!$F$2:$F$101) | I9: =IF(C9>0, H9/C9, 0)
B10: FL-ESPORTS | C10: =COUNTIF('키보드 원본데이터'!$D$2:$D$101, "FL-ESPORTS") | D10: =C10/COUNTA('키보드 원본데이터'!$D$2:$D$101) | E10: =AVERAGEIF('키보드 원본데이터'!$D$2:$D$101, "FL-ESPORTS", '키보드 원본데이터'!$C$2:$C$101) | F10: =MINIFS('키보드 원본데이터'!$C$2:$C$101, '키보드 원본데이터'!$D$2:$D$101, "FL-ESPORTS") | G10: =MAXIFS('키보드 원본데이터'!$C$2:$C$101, '키보드 원본데이터'!$D$2:$D$101, "FL-ESPORTS") | H10: =SUMIF('키보드 원본데이터'!$D$2:$D$101, "FL-ESPORTS", '키보드 원본데이터'!$F$2:$F$101) | I10: =IF(C10>0, H10/C10, 0)
B11: 프리플로우 | C11: =COUNTIF('키보드 원본데이터'!$D$2:$D$101, "프리플로우") | D11: =C11/COUNTA('키보드 원본데이터'!$D$2:$D$101) | E11: =AVERAGEIF('키보드 원본데이터'!$D$2:$D$101, "프리플로우", '키보드 원본데이터'!$C$2:$C$101) | F11: =MINIFS('키보드 원본데이터'!$C$2:$C$101, '키보드 원본데이터'!$D$2:$D$101, "프리플로우") | G11: =MAXIFS('키보드 원본데이터'!$C$2:$C$101, '키보드 원본데이터'!$D$2:$D$101, "프리플로우") | H11: =SUMIF('키보드 원본데이터'!$D$2:$D$101, "프리플로우", '키보드 원본데이터'!$F$2:$F$101) | I11: =IF(C11>0, H11/C11, 0)
B12: darkFlash | C12: =COUNTIF('키보드 원본데이터'!$D$2:$D$101, "darkFlash") | D12: =C12/COUNTA('키보드 원본데이터'!$D$2:$D$101) | E12: =AVERAGEIF('키보드 원본데이터'!$D$2:$D$101, "darkFlash", '키보드 원본데이터'!$C$2:$C$101) | F12: =MINIFS('키보드 원본데이터'!$C$2:$C$101, '키보드 원본데이터'!$D$2:$D$101, "darkFlash") | G12: =MAXIFS('키보드 원본데이터'!$C$2:$C$101, '키보드 원본데이터'!$D$2:$D$101, "darkFlash") | H12: =SUMIF('키보드 원본데이터'!$D$2:$D$101, "darkFlash", '키보드 원본데이터'!$F$2:$F$101) | I12: =IF(C12>0, H12/C12, 0)
B13: CHERRY | C13: =COUNTIF('키보드 원본데이터'!$D$2:$D$101, "CHERRY") | D13: =C13/COUNTA('키보드 원본데이터'!$D$2:$D$101) | E13: =AVERAGEIF('키보드 원본데이터'!$D$2:$D$101, "CHERRY", '키보드 원본데이터'!$C$2:$C$101) | F13: =MINIFS('키보드 원본데이터'!$C$2:$C$101, '키보드 원본데이터'!$D$2:$D$101, "CHERRY") | G13: =MAXIFS('키보드 원본데이터'!$C$2:$C$101, '키보드 원본데이터'!$D$2:$D$101, "CHERRY") | H13: =SUMIF('키보드 원본데이터'!$D$2:$D$101, "CHERRY", '키보드 원본데이터'!$F$2:$F$101) | I13: =IF(C13>0, H13/C13, 0)
B14: SPM | C14: =COUNTIF('키보드 원본데이터'!$D$2:$D$101, "SPM") | D14: =C14/COUNTA('키보드 원본데이터'!$D$2:$D$101) | E14: =AVERAGEIF('키보드 원본데이터'!$D$2:$D$101, "SPM", '키보드 원본데이터'!$C$2:$C$101) | F14: =MINIFS('키보드 원본데이터'!$C$2:$C$101, '키보드 원본데이터'!$D$2:$D$101, "SPM") | G14: =MAXIFS('키보드 원본데이터'!$C$2:$C$101, '키보드 원본데이터'!$D$2:$D$101, "SPM") | H14: =SUMIF('키보드 원본데이터'!$D$2:$D$101, "SPM", '키보드 원본데이터'!$F$2:$F$101) | I14: =IF(C14>0, H14/C14, 0)
B15: 마이크로닉스 | C15: =COUNTIF('키보드 원본데이터'!$D$2:$D$101, "마이크로닉스") | D15: =C15/COUNTA('키보드 원본데이터'!$D$2:$D$101) | E15: =AVERAGEIF('키보드 원본데이터'!$D$2:$D$101, "마이크로닉스", '키보드 원본데이터'!$C$2:$C$101) | F15: =MINIFS('키보드 원본데이터'!$C$2:$C$101, '키보드 원본데이터'!$D$2:$D$101, "마이크로닉스") | G15: =MAXIFS('키보드 원본데이터'!$C$2:$C$101, '키보드 원본데이터'!$D$2:$D$101, "마이크로닉스") | H15: =SUMIF('키보드 원본데이터'!$D$2:$D$101, "마이크로닉스", '키보드 원본데이터'!$F$2:$F$101) | I15: =IF(C15>0, H15/C15, 0)
B16: 한성컴퓨터 | C16: =COUNTIF('키보드 원본데이터'!$D$2:$D$101, "한성컴퓨터") | D16: =C16/COUNTA('키보드 원본데이터'!$D$2:$D$101) | E16: =AVERAGEIF('키보드 원본데이터'!$D$2:$D$101, "한성컴퓨터", '키보드 원본데이터'!$C$2:$C$101) | F16: =MINIFS('키보드 원본데이터'!$C$2:$C$101, '키보드 원본데이터'!$D$2:$D$101, "한성컴퓨터") | G16: =MAXIFS('키보드 원본데이터'!$C$2:$C$101, '키보드 원본데이터'!$D$2:$D$101, "한성컴퓨터") | H16: =SUMIF('키보드 원본데이터'!$D$2:$D$101, "한성컴퓨터", '키보드 원본데이터'!$F$2:$F$101) | I16: =IF(C16>0, H16/C16, 0)
B17: RAZER | C17: =COUNTIF('키보드 원본데이터'!$D$2:$D$101, "RAZER") | D17: =C17/COUNTA('키보드 원본데이터'!$D$2:$D$101) | E17: =AVERAGEIF('키보드 원본데이터'!$D$2:$D$101, "RAZER", '키보드 원본데이터'!$C$2:$C$101) | F17: =MINIFS('키보드 원본데이터'!$C$2:$C$101, '키보드 원본데이터'!$D$2:$D$101, "RAZER") | G17: =MAXIFS('키보드 원본데이터'!$C$2:$C$101, '키보드 원본데이터'!$D$2:$D$101, "RAZER") | H17: =SUMIF('키보드 원본데이터'!$D$2:$D$101, "RAZER", '키보드 원본데이터'!$F$2:$F$101) | I17: =IF(C17>0, H17/C17, 0)
B18: 주연테크 | C18: =COUNTIF('키보드 원본데이터'!$D$2:$D$101, "주연테크") | D18: =C18/COUNTA('키보드 원본데이터'!$D$2:$D$101) | E18: =AVERAGEIF('키보드 원본데이터'!$D$2:$D$101, "주연테크", '키보드 원본데이터'!$C$2:$C$101) | F18: =MINIFS('키보드 원본데이터'!$C$2:$C$101, '키보드 원본데이터'!$D$2:$D$101, "주연테크") | G18: =MAXIFS('키보드 원본데이터'!$C$2:$C$101, '키보드 원본데이터'!$D$2:$D$101, "주연테크") | H18: =SUMIF('키보드 원본데이터'!$D$2:$D$101, "주연테크", '키보드 원본데이터'!$F$2:$F$101) | I18: =IF(C18>0, H18/C18, 0)
B19: Nillkin | C19: =COUNTIF('키보드 원본데이터'!$D$2:$D$101, "Nillkin") | D19: =C19/COUNTA('키보드 원본데이터'!$D$2:$D$101) | E19: =AVERAGEIF('키보드 원본데이터'!$D$2:$D$101, "Nillkin", '키보드 원본데이터'!$C$2:$C$101) | F19: =MINIFS('키보드 원본데이터'!$C$2:$C$101, '키보드 원본데이터'!$D$2:$D$101, "Nillkin") | G19: =MAXIFS('키보드 원본데이터'!$C$2:$C$101, '키보드 원본데이터'!$D$2:$D$101, "Nillkin") | H19: =SUMIF('키보드 원본데이터'!$D$2:$D$101, "Nillkin", '키보드 원본데이터'!$F$2:$F$101) | I19: =IF(C19>0, H19/C19, 0)
B20: ASUS | C20: =COUNTIF('키보드 원본데이터'!$D$2:$D$101, "ASUS") | D20: =C20/COUNTA('키보드 원본데이터'!$D$2:$D$101) | E20: =AVERAGEIF('키보드 원본데이터'!$D$2:$D$101, "ASUS", '키보드 원본데이터'!$C$2:$C$101) | F20: =MINIFS('키보드 원본데이터'!$C$2:$C$101, '키보드 원본데이터'!$D$2:$D$101, "ASUS") | G20: =MAXIFS('키보드 원본데이터'!$C$2:$C$101, '키보드 원본데이터'!$D$2:$D$101, "ASUS") | H20: =SUMIF('키보드 원본데이터'!$D$2:$D$101, "ASUS", '키보드 원본데이터'!$F$2:$F$101) | I20: =IF(C20>0, H20/C20, 0)
B21: 지클릭커 | C21: =COUNTIF('키보드 원본데이터'!$D$2:$D$101, "지클릭커") | D21: =C21/COUNTA('키보드 원본데이터'!$D$2:$D$101) | E21: =AVERAGEIF('키보드 원본데이터'!$D$2:$D$101, "지클릭커", '키보드 원본데이터'!$C$2:$C$101) | F21: =MINIFS('키보드 원본데이터'!$C$2:$C$101, '키보드 원본데이터'!$D$2:$D$101, "지클릭커") | G21: =MAXIFS('키보드 원본데이터'!$C$2:$C$101, '키보드 원본데이터'!$D$2:$D$101, "지클릭커") | H21: =SUMIF('키보드 원본데이터'!$D$2:$D$101, "지클릭커", '키보드 원본데이터'!$F$2:$F$101) | I21: =IF(C21>0, H21/C21, 0)
B22: 글로리어스 | C22: =COUNTIF('키보드 원본데이터'!$D$2:$D$101, "글로리어스") | D22: =C22/COUNTA('키보드 원본데이터'!$D$2:$D$101) | E22: =AVERAGEIF('키보드 원본데이터'!$D$2:$D$101, "글로리어스", '키보드 원본데이터'!$C$2:$C$101) | F22: =MINIFS('키보드 원본데이터'!$C$2:$C$101, '키보드 원본데이터'!$D$2:$D$101, "글로리어스") | G22: =MAXIFS('키보드 원본데이터'!$C$2:$C$101, '키보드 원본데이터'!$D$2:$D$101, "글로리어스") | H22: =SUMIF('키보드 원본데이터'!$D$2:$D$101, "글로리어스", '키보드 원본데이터'!$F$2:$F$101) | I22: =IF(C22>0, H22/C22, 0)
B23: 삼성전자 | C23: =COUNTIF('키보드 원본데이터'!$D$2:$D$101, "삼성전자") | D23: =C23/COUNTA('키보드 원본데이터'!$D$2:$D$101) | E23: =AVERAGEIF('키보드 원본데이터'!$D$2:$D$101, "삼성전자", '키보드 원본데이터'!$C$2:$C$101) | F23: =MINIFS('키보드 원본데이터'!$C$2:$C$101, '키보드 원본데이터'!$D$2:$D$101, "삼성전자") | G23: =MAXIFS('키보드 원본데이터'!$C$2:$C$101, '키보드 원본데이터'!$D$2:$D$101, "삼성전자") | H23: =SUMIF('키보드 원본데이터'!$D$2:$D$101, "삼성전자", '키보드 원본데이터'!$F$2:$F$101) | I23: =IF(C23>0, H23/C23, 0)
B24: MSI | C24: =COUNTIF('키보드 원본데이터'!$D$2:$D$101, "MSI") | D24: =C24/COUNTA('키보드 원본데이터'!$D$2:$D$101) | E24: =AVERAGEIF('키보드 원본데이터'!$D$2:$D$101, "MSI", '키보드 원본데이터'!$C$2:$C$101) | F24: =MINIFS('키보드 원본데이터'!$C$2:$C$101, '키보드 원본데이터'!$D$2:$D$101, "MSI") | G24: =MAXIFS('키보드 원본데이터'!$C$2:$C$101, '키보드 원본데이터'!$D$2:$D$101, "MSI") | H24: =SUMIF('키보드 원본데이터'!$D$2:$D$101, "MSI", '키보드 원본데이터'!$F$2:$F$101) | I24: =IF(C24>0, H24/C24, 0)
B25: QSENN | C25: =COUNTIF('키보드 원본데이터'!$D$2:$D$101, "QSENN") | D25: =C25/COUNTA('키보드 원본데이터'!$D$2:$D$101) | E25: =AVERAGEIF('키보드 원본데이터'!$D$2:$D$101, "QSENN", '키보드 원본데이터'!$C$2:$C$101) | F25: =MINIFS('키보드 원본데이터'!$C$2:$C$101, '키보드 원본데이터'!$D$2:$D$101, "QSENN") | G25: =MAXIFS('키보드 원본데이터'!$C$2:$C$101, '키보드 원본데이터'!$D$2:$D$101, "QSENN") | H25: =SUMIF('키보드 원본데이터'!$D$2:$D$101, "QSENN", '키보드 원본데이터'!$F$2:$F$101) | I25: =IF(C25>0, H25/C25, 0)
B26: 합계 / 전체 평균 | C26: =SUM(C5:C25) | D26: =SUM(D5:D25) | E26: =AVERAGE('키보드 원본데이터'!$C$2:$C$101) | F26: =MIN('키보드 원본데이터'!$C$2:$C$101) | G26: =MAX('키보드 원본데이터'!$C$2:$C$101) | H26: =SUM(H5:H25) | I26: =H26/C26
B29: 2. 가격대 세그먼트별 분포 분석
B31: 가격대 구간 | C31: 제품 수 | D31: 비중 | E31: 평균 가격 | F31: 누적 리뷰 | G31: 주요 포지셔닝 및 타겟층
B32: 3만원 미만 | C32: =COUNTIF('키보드 원본데이터'!$C$2:$C$101, "<30000") | D32: =C32/COUNTA('키보드 원본데이터'!$C$2:$C$101) | E32: =AVERAGEIF('키보드 원본데이터'!$C$2:$C$101, "<30000") | F32: =SUMIF('키보드 원본데이터'!$C$2:$C$101, "<30000", '키보드 원본데이터'!$F$2:$F$101) | G32: 초가성비 사무용 / 보급형 멤브레인 & 무선 콤보
B33: 3만원 ~ 7만원 미만 | C33: =COUNTIFS('키보드 원본데이터'!$C$2:$C$101, ">=30000", '키보드 원본데이터'!$C$2:$C$101, "<70000") | D33: =C33/COUNTA('키보드 원본데이터'!$C$2:$C$101) | E33: =AVERAGEIFS('키보드 원본데이터'!$C$2:$C$101, '키보드 원본데이터'!$C$2:$C$101, ">=30000", '키보드 원본데이터'!$C$2:$C$101, "<70000") | F33: =SUMIFS('키보드 원본데이터'!$F$2:$F$101, '키보드 원본데이터'!$C$2:$C$101, ">=30000", '키보드 원본데이터'!$C$2:$C$101, "<70000") | G33: 입문용 기계식 / 블루투스 멀티페어링 슬림 키보드
B34: 7만원 ~ 12만원 미만 | C34: =COUNTIFS('키보드 원본데이터'!$C$2:$C$101, ">=70000", '키보드 원본데이터'!$C$2:$C$101, "<120000") | D34: =C34/COUNTA('키보드 원본데이터'!$C$2:$C$101) | E34: =AVERAGEIFS('키보드 원본데이터'!$C$2:$C$101, '키보드 원본데이터'!$C$2:$C$101, ">=70000", '키보드 원본데이터'!$C$2:$C$101, "<120000") | F34: =SUMIFS('키보드 원본데이터'!$F$2:$F$101, '키보드 원본데이터'!$C$2:$C$101, ">=70000", '키보드 원본데이터'!$C$2:$C$101, "<120000") | G34: 중급 커스텀 기계식 (가스켓 마운트, 저소음 특화)
B35: 12만원 ~ 20만원 미만 | C35: =COUNTIFS('키보드 원본데이터'!$C$2:$C$101, ">=120000", '키보드 원본데이터'!$C$2:$C$101, "<200000") | D35: =C35/COUNTA('키보드 원본데이터'!$C$2:$C$101) | E35: =AVERAGEIFS('키보드 원본데이터'!$C$2:$C$101, '키보드 원본데이터'!$C$2:$C$101, ">=120000", '키보드 원본데이터'!$C$2:$C$101, "<200000") | F35: =SUMIFS('키보드 원본데이터'!$F$2:$F$101, '키보드 원본데이터'!$C$2:$C$101, ">=120000", '키보드 원본데이터'!$C$2:$C$101, "<200000") | G35: 프리미엄 사무용 (로지텍 MX Keys 등) / 체리 정품
B36: 20만원 이상 | C36: =COUNTIF('키보드 원본데이터'!$C$2:$C$101, ">=200000") | D36: =C36/COUNTA('키보드 원본데이터'!$C$2:$C$101) | E36: =AVERAGEIF('키보드 원본데이터'!$C$2:$C$101, ">=200000") | F36: =SUMIF('키보드 원본데이터'!$C$2:$C$101, ">=200000", '키보드 원본데이터'!$F$2:$F$101) | G36: 플래그십 e스포츠 게이밍 (자석축, 래피드 트리거)

Sheet 연결방식 및 스위치 분석
B2: 1. 연결 방식별 시장 통계
B4: 연결 방식 | C4: 제품 수 | D4: 비중 | E4: 평균 가격 | F4: 중앙 가격 | G4: 누적 리뷰 수
B5: 유선 | C5: =COUNTIF('키보드 원본데이터'!$E$2:$E$101, "유선") | D5: =C5/COUNTA('키보드 원본데이터'!$E$2:$E$101) | E5: =AVERAGEIF('키보드 원본데이터'!$E$2:$E$101, "유선", '키보드 원본데이터'!$C$2:$C$101) | F5: =MEDIAN(IF('키보드 원본데이터'!$E$2:$E$101="유선", '키보드 원본데이터'!$C$2:$C$101)) | G5: =SUMIF('키보드 원본데이터'!$E$2:$E$101, "유선", '키보드 원본데이터'!$F$2:$F$101)
B6: 유선+무선 | C6: =COUNTIF('키보드 원본데이터'!$E$2:$E$101, "유선+무선") | D6: =C6/COUNTA('키보드 원본데이터'!$E$2:$E$101) | E6: =AVERAGEIF('키보드 원본데이터'!$E$2:$E$101, "유선+무선", '키보드 원본데이터'!$C$2:$C$101) | F6: =MEDIAN(IF('키보드 원본데이터'!$E$2:$E$101="유선+무선", '키보드 원본데이터'!$C$2:$C$101)) | G6: =SUMIF('키보드 원본데이터'!$E$2:$E$101, "유선+무선", '키보드 원본데이터'!$F$2:$F$101)
B7: 무선 | C7: =COUNTIF('키보드 원본데이터'!$E$2:$E$101, "무선") | D7: =C7/COUNTA('키보드 원본데이터'!$E$2:$E$101) | E7: =AVERAGEIF('키보드 원본데이터'!$E$2:$E$101, "무선", '키보드 원본데이터'!$C$2:$C$101) | F7: =MEDIAN(IF('키보드 원본데이터'!$E$2:$E$101="무선", '키보드 원본데이터'!$C$2:$C$101)) | G7: =SUMIF('키보드 원본데이터'!$E$2:$E$101, "무선", '키보드 원본데이터'!$F$2:$F$101)
B8: 미분류 | C8: =COUNTIF('키보드 원본데이터'!$E$2:$E$101, "미분류") | D8: =C8/COUNTA('키보드 원본데이터'!$E$2:$E$101) | E8: =AVERAGEIF('키보드 원본데이터'!$E$2:$E$101, "미분류", '키보드 원본데이터'!$C$2:$C$101) | F8: =MEDIAN(IF('키보드 원본데이터'!$E$2:$E$101="미분류", '키보드 원본데이터'!$C$2:$C$101)) | G8: =SUMIF('키보드 원본데이터'!$E$2:$E$101, "미분류", '키보드 원본데이터'!$F$2:$F$101)
B12: 2. 기계식 스위치/축 유형별 세부 분석
B14: 스위치/축 명칭 | C14: 제품 수 | D14: 평균 가격 | E14: 최저 가격 | F14: 최고 가격 | G14: 누적 리뷰 수
B15: 적축 | C15: =COUNTIF('키보드 원본데이터'!$G$2:$G$101, "적축") | D15: =AVERAGEIF('키보드 원본데이터'!$G$2:$G$101, "적축", '키보드 원본데이터'!$C$2:$C$101) | E15: =MINIFS('키보드 원본데이터'!$C$2:$C$101, '키보드 원본데이터'!$G$2:$G$101, "적축") | F15: =MAXIFS('키보드 원본데이터'!$C$2:$C$101, '키보드 원본데이터'!$G$2:$G$101, "적축") | G15: =SUMIF('키보드 원본데이터'!$G$2:$G$101, "적축", '키보드 원본데이터'!$F$2:$F$101)
B16: 저소음 바다축 | C16: =COUNTIF('키보드 원본데이터'!$G$2:$G$101, "저소음 바다축") | D16: =AVERAGEIF('키보드 원본데이터'!$G$2:$G$101, "저소음 바다축", '키보드 원본데이터'!$C$2:$C$101) | E16: =MINIFS('키보드 원본데이터'!$C$2:$C$101, '키보드 원본데이터'!$G$2:$G$101, "저소음 바다축") | F16: =MAXIFS('키보드 원본데이터'!$C$2:$C$101, '키보드 원본데이터'!$G$2:$G$101, "저소음 바다축") | G16: =SUMIF('키보드 원본데이터'!$G$2:$G$101, "저소음 바다축", '키보드 원본데이터'!$F$2:$F$101)
B17: 갈축 | C17: =COUNTIF('키보드 원본데이터'!$G$2:$G$101, "갈축") | D17: =AVERAGEIF('키보드 원본데이터'!$G$2:$G$101, "갈축", '키보드 원본데이터'!$C$2:$C$101) | E17: =MINIFS('키보드 원본데이터'!$C$2:$C$101, '키보드 원본데이터'!$G$2:$G$101, "갈축") | F17: =MAXIFS('키보드 원본데이터'!$C$2:$C$101, '키보드 원본데이터'!$G$2:$G$101, "갈축") | G17: =SUMIF('키보드 원본데이터'!$G$2:$G$101, "갈축", '키보드 원본데이터'!$F$2:$F$101)
B18: 저소음 피치축 V2 | C18: =COUNTIF('키보드 원본데이터'!$G$2:$G$101, "저소음 피치축 V2") | D18: =AVERAGEIF('키보드 원본데이터'!$G$2:$G$101, "저소음 피치축 V2", '키보드 원본데이터'!$C$2:$C$101) | E18: =MINIFS('키보드 원본데이터'!$C$2:$C$101, '키보드 원본데이터'!$G$2:$G$101, "저소음 피치축 V2") | F18: =MAXIFS('키보드 원본데이터'!$C$2:$C$101, '키보드 원본데이터'!$G$2:$G$101, "저소음 피치축 V2") | G18: =SUMIF('키보드 원본데이터'!$G$2:$G$101, "저소음 피치축 V2", '키보드 원본데이터'!$F$2:$F$101)
B19: 레몬축 | C19: =COUNTIF('키보드 원본데이터'!$G$2:$G$101, "레몬축") | D19: =AVERAGEIF('키보드 원본데이터'!$G$2:$G$101, "레몬축", '키보드 원본데이터'!$C$2:$C$101) | E19: =MINIFS('키보드 원본데이터'!$C$2:$C$101, '키보드 원본데이터'!$G$2:$G$101, "레몬축") | F19: =MAXIFS('키보드 원본데이터'!$C$2:$C$101, '키보드 원본데이터'!$G$2:$G$101, "레몬축") | G19: =SUMIF('키보드 원본데이터'!$G$2:$G$101, "레몬축", '키보드 원본데이터'!$F$2:$F$101)
B20: 광축 | C20: =COUNTIF('키보드 원본데이터'!$G$2:$G$101, "광축") | D20: =AVERAGEIF('키보드 원본데이터'!$G$2:$G$101, "광축", '키보드 원본데이터'!$C$2:$C$101) | E20: =MINIFS('키보드 원본데이터'!$C$2:$C$101, '키보드 원본데이터'!$G$2:$G$101, "광축") | F20: =MAXIFS('키보드 원본데이터'!$C$2:$C$101, '키보드 원본데이터'!$G$2:$G$101, "광축") | G20: =SUMIF('키보드 원본데이터'!$G$2:$G$101, "광축", '키보드 원본데이터'!$F$2:$F$101)
B21: 저소음 스톰축 | C21: =COUNTIF('키보드 원본데이터'!$G$2:$G$101, "저소음 스톰축") | D21: =AVERAGEIF('키보드 원본데이터'!$G$2:$G$101, "저소음 스톰축", '키보드 원본데이터'!$C$2:$C$101) | E21: =MINIFS('키보드 원본데이터'!$C$2:$C$101, '키보드 원본데이터'!$G$2:$G$101, "저소음 스톰축") | F21: =MAXIFS('키보드 원본데이터'!$C$2:$C$101, '키보드 원본데이터'!$G$2:$G$101, "저소음 스톰축") | G21: =SUMIF('키보드 원본데이터'!$G$2:$G$101, "저소음 스톰축", '키보드 원본데이터'!$F$2:$F$101)
B22: 저소음 솜사탕축 | C22: =COUNTIF('키보드 원본데이터'!$G$2:$G$101, "저소음 솜사탕축") | D22: =AVERAGEIF('키보드 원본데이터'!$G$2:$G$101, "저소음 솜사탕축", '키보드 원본데이터'!$C$2:$C$101) | E22: =MINIFS('키보드 원본데이터'!$C$2:$C$101, '키보드 원본데이터'!$G$2:$G$101, "저소음 솜사탕축") | F22: =MAXIFS('키보드 원본데이터'!$C$2:$C$101, '키보드 원본데이터'!$G$2:$G$101, "저소음 솜사탕축") | G22: =SUMIF('키보드 원본데이터'!$G$2:$G$101, "저소음 솜사탕축", '키보드 원본데이터'!$F$2:$F$101)
B23: SNOW축 | C23: =COUNTIF('키보드 원본데이터'!$G$2:$G$101, "SNOW축") | D23: =AVERAGEIF('키보드 원본데이터'!$G$2:$G$101, "SNOW축", '키보드 원본데이터'!$C$2:$C$101) | E23: =MINIFS('키보드 원본데이터'!$C$2:$C$101, '키보드 원본데이터'!$G$2:$G$101, "SNOW축") | F23: =MAXIFS('키보드 원본데이터'!$C$2:$C$101, '키보드 원본데이터'!$G$2:$G$101, "SNOW축") | G23: =SUMIF('키보드 원본데이터'!$G$2:$G$101, "SNOW축", '키보드 원본데이터'!$F$2:$F$101)
B24: 저소음 바다소금축 | C24: =COUNTIF('키보드 원본데이터'!$G$2:$G$101, "저소음 바다소금축") | D24: =AVERAGEIF('키보드 원본데이터'!$G$2:$G$101, "저소음 바다소금축", '키보드 원본데이터'!$C$2:$C$101) | E24: =MINIFS('키보드 원본데이터'!$C$2:$C$101, '키보드 원본데이터'!$G$2:$G$101, "저소음 바다소금축") | F24: =MAXIFS('키보드 원본데이터'!$C$2:$C$101, '키보드 원본데이터'!$G$2:$G$101, "저소음 바다소금축") | G24: =SUMIF('키보드 원본데이터'!$G$2:$G$101, "저소음 바다소금축", '키보드 원본데이터'!$F$2:$F$101)
B25: 멜론축 | C25: =COUNTIF('키보드 원본데이터'!$G$2:$G$101, "멜론축") | D25: =AVERAGEIF('키보드 원본데이터'!$G$2:$G$101, "멜론축", '키보드 원본데이터'!$C$2:$C$101) | E25: =MINIFS('키보드 원본데이터'!$C$2:$C$101, '키보드 원본데이터'!$G$2:$G$101, "멜론축") | F25: =MAXIFS('키보드 원본데이터'!$C$2:$C$101, '키보드 원본데이터'!$G$2:$G$101, "멜론축") | G25: =SUMIF('키보드 원본데이터'!$G$2:$G$101, "멜론축", '키보드 원본데이터'!$F$2:$F$101)
B26: 마그네틱축 | C26: =COUNTIF('키보드 원본데이터'!$G$2:$G$101, "마그네틱축") | D26: =AVERAGEIF('키보드 원본데이터'!$G$2:$G$101, "마그네틱축", '키보드 원본데이터'!$C$2:$C$101) | E26: =MINIFS('키보드 원본데이터'!$C$2:$C$101, '키보드 원본데이터'!$G$2:$G$101, "마그네틱축") | F26: =MAXIFS('키보드 원본데이터'!$C$2:$C$101, '키보드 원본데이터'!$G$2:$G$101, "마그네틱축") | G26: =SUMIF('키보드 원본데이터'!$G$2:$G$101, "마그네틱축", '키보드 원본데이터'!$F$2:$F$101)
B27: 저소음 피치축 | C27: =COUNTIF('키보드 원본데이터'!$G$2:$G$101, "저소음 피치축") | D27: =AVERAGEIF('키보드 원본데이터'!$G$2:$G$101, "저소음 피치축", '키보드 원본데이터'!$C$2:$C$101) | E27: =MINIFS('키보드 원본데이터'!$C$2:$C$101, '키보드 원본데이터'!$G$2:$G$101, "저소음 피치축") | F27: =MAXIFS('키보드 원본데이터'!$C$2:$C$101, '키보드 원본데이터'!$G$2:$G$101, "저소음 피치축") | G27: =SUMIF('키보드 원본데이터'!$G$2:$G$101, "저소음 피치축", '키보드 원본데이터'!$F$2:$F$101)
B28: 햇살축 | C28: =COUNTIF('키보드 원본데이터'!$G$2:$G$101, "햇살축") | D28: =AVERAGEIF('키보드 원본데이터'!$G$2:$G$101, "햇살축", '키보드 원본데이터'!$C$2:$C$101) | E28: =MINIFS('키보드 원본데이터'!$C$2:$C$101, '키보드 원본데이터'!$G$2:$G$101, "햇살축") | F28: =MAXIFS('키보드 원본데이터'!$C$2:$C$101, '키보드 원본데이터'!$G$2:$G$101, "햇살축") | G28: =SUMIF('키보드 원본데이터'!$G$2:$G$101, "햇살축", '키보드 원본데이터'!$F$2:$F$101)
B29: 청축 | C29: =COUNTIF('키보드 원본데이터'!$G$2:$G$101, "청축") | D29: =AVERAGEIF('키보드 원본데이터'!$G$2:$G$101, "청축", '키보드 원본데이터'!$C$2:$C$101) | E29: =MINIFS('키보드 원본데이터'!$C$2:$C$101, '키보드 원본데이터'!$G$2:$G$101, "청축") | F29: =MAXIFS('키보드 원본데이터'!$C$2:$C$101, '키보드 원본데이터'!$G$2:$G$101, "청축") | G29: =SUMIF('키보드 원본데이터'!$G$2:$G$101, "청축", '키보드 원본데이터'!$F$2:$F$101)
B30: 저소음 파도축 | C30: =COUNTIF('키보드 원본데이터'!$G$2:$G$101, "저소음 파도축") | D30: =AVERAGEIF('키보드 원본데이터'!$G$2:$G$101, "저소음 파도축", '키보드 원본데이터'!$C$2:$C$101) | E30: =MINIFS('키보드 원본데이터'!$C$2:$C$101, '키보드 원본데이터'!$G$2:$G$101, "저소음 파도축") | F30: =MAXIFS('키보드 원본데이터'!$C$2:$C$101, '키보드 원본데이터'!$G$2:$G$101, "저소음 파도축") | G30: =SUMIF('키보드 원본데이터'!$G$2:$G$101, "저소음 파도축", '키보드 원본데이터'!$F$2:$F$101)
B31: 소복눈축 | C31: =COUNTIF('키보드 원본데이터'!$G$2:$G$101, "소복눈축") | D31: =AVERAGEIF('키보드 원본데이터'!$G$2:$G$101, "소복눈축", '키보드 원본데이터'!$C$2:$C$101) | E31: =MINIFS('키보드 원본데이터'!$C$2:$C$101, '키보드 원본데이터'!$G$2:$G$101, "소복눈축") | F31: =MAXIFS('키보드 원본데이터'!$C$2:$C$101, '키보드 원본데이터'!$G$2:$G$101, "소복눈축") | G31: =SUMIF('키보드 원본데이터'!$G$2:$G$101, "소복눈축", '키보드 원본데이터'!$F$2:$F$101)
B32: 세이야축 | C32: =COUNTIF('키보드 원본데이터'!$G$2:$G$101, "세이야축") | D32: =AVERAGEIF('키보드 원본데이터'!$G$2:$G$101, "세이야축", '키보드 원본데이터'!$C$2:$C$101) | E32: =MINIFS('키보드 원본데이터'!$C$2:$C$101, '키보드 원본데이터'!$G$2:$G$101, "세이야축") | F32: =MAXIFS('키보드 원본데이터'!$C$2:$C$101, '키보드 원본데이터'!$G$2:$G$101, "세이야축") | G32: =SUMIF('키보드 원본데이터'!$G$2:$G$101, "세이야축", '키보드 원본데이터'!$F$2:$F$101)

Sheet 키보드 원본데이터
A1: No | B1: 상품명 | C1: 판매가격(원) | D1: 브랜드 | E1: 연결방식 | F1: 리뷰수 | G1: 스위치타입
A2: 1 | B2: AULA F108 PRO 유무선 기계식 치즈 화이트 한글 (저소음 바다축) | C2: 89000 | D2: AULA | E2: 유선+무선 | F2: 50 | G2: 저소음 바다축
A3: 2 | B3: AULA F87 Pro 유무선 기계식 인디고 블랙 한글 (저소음 피치축 V2) | C3: 67000 | D3: AULA | E3: 유선+무선 | F3: 34 | G3: 저소음 피치축 V2
A4: 3 | B4: FL-ESPORTS NX87HE 민트 블랙 (저소음 스톰축) | C4: 98000 | D4: FL-ESPORTS | E4: 유선 | F4: 1 | G4: 저소음 스톰축
A5: 4 | B5: AULA F87 Pro 기계식 다크 올리비아 한글 (저소음 바다축) | C5: 48000 | D5: AULA | E5: 유선 | F5: 13 | G5: 저소음 바다축
A6: 5 | B6: 앱코 K560 축교환 레인보우 무빙 LED 기계식 블랙 (적축) | C6: 28510 | D6: 앱코 | E6: 유선 | F6: 126 | G6: 적축
A7: 6 | B7: 로지텍 KEYS-TO-GO 2 (정품) (그라파이트) | C7: 84900 | D7: 로지텍 | E7: 무선 | F7: 91 | G7: 미기재/기타
A8: 7 | B8: CORSAIR 뱅가드 AIR 99 무선 (화이트) | C8: 359440 | D8: CORSAIR | E8: 유선+무선 | F8: 1 | G8: 미기재/기타
A9: 8 | B9: 로지텍 MK295 SILENT (정품) (블랙) | C9: 37900 | D9: 로지텍 | E9: 무선 | F9: 327 | G9: 미기재/기타
A10: 9 | B10: CORSAIR 뱅가드 PRO 96 게이밍 | C10: 208990 | D10: CORSAIR | E10: 유선 | F10: 7 | G10: 미기재/기타
A11: 10 | B11: Razer Huntsman V3 HE Magnetic TKL | C11: 239000 | D11: RAZER | E11: 유선 | F11: 0 | G11: 미기재/기타
A12: 11 | B12: AULA F108 기계식 라이트 그레이 (저소음 바다축) | C12: 65000 | D12: AULA | E12: 유선 | F12: 13 | G12: 저소음 바다축
A13: 12 | B13: AULA F108 유무선 기계식 스카이 블랙 한글 (저소음 바다축) | C13: 82000 | D13: AULA | E13: 유선+무선 | F13: 129 | G13: 저소음 바다축
... A101: 100 | B101: CHERRY XTRFY K5 PRO TMR (블랙) | C101: 99000 | D101: CHERRY | E101: 유선 | F101: 0 | G101: 미기재/기타
