Workbook

Sheet 요약_대시보드
B2: 다나와 인기 키보드 시장 분석 리포트
B3: 분석 기준일: 2026-08-27 | 표본 수: 100개 제품
B5: [시장 핵심 요약 지표]
B6: 지표명 | C6: 값 | D6: 비고
B7: 총 분석 제품 수 | C7: =COUNTA(데이터_원천!A2:A101) | D7: 다나와 인기 상위 100개
B8: 평균 제품 가격 | C8: =AVERAGE(데이터_원천!C2:C101) | D8: 원 (전체 평균)
B9: 중앙값 가격 | C9: =MEDIAN(데이터_원천!C2:C101) | D9: 원 (중앙값)
B10: 최고 가격 제품 | C10: =MAX(데이터_원천!C2:C101) | D10: 원 (커세어/RAZER/ASUS군)
B11: 최저 가격 제품 | C11: =MIN(데이터_원천!C2:C101) | D11: 원 (초가성비/스위치단품군)
B12: 총 리뷰 수 합계 | C12: =SUM(데이터_원천!E2:E101) | D12: 건 (상위 제품군 리뷰 집계)
B15: [가격대별 분포 현황]
B16: 가격대 구분 | C16: 제품 수(개) | D16: 비중(%) | E16: 평균 가격 | F16: 누적 리뷰 수
B17: 보급형 (<5만원) | C17: =COUNTIF(데이터_원천!F2:F101, "보급형 (<5만원)") | D17: =C17/C20 | E17: =AVERAGEIF(데이터_원천!F2:F101, "보급형 (<5만원)", 데이터_원천!C2:C101) | F17: =SUMIF(데이터_원천!F2:F101, "보급형 (<5만원)", 데이터_원천!E2:E101)
B18: 중급형 (5~15만원) | C18: =COUNTIF(데이터_원천!F2:F101, "중급형 (5~15만원)") | D18: =C18/C20 | E18: =AVERAGEIF(데이터_원천!F2:F101, "중급형 (5~15만원)", 데이터_원천!C2:C101) | F18: =SUMIF(데이터_원천!F2:F101, "중급형 (5~15만원)", 데이터_원천!E2:E101)
B19: 프리미엄 (≥15만원) | C19: =COUNTIF(데이터_원천!F2:F101, "프리미엄 (≥15만원)") | D19: =C19/C20 | E19: =AVERAGEIF(데이터_원천!F2:F101, "프리미엄 (≥15만원)", 데이터_원천!C2:C101) | F19: =SUMIF(데이터_원천!F2:F101, "프리미엄 (≥15만원)", 데이터_원천!E2:E101)
B20: 합계 | C20: =SUM(C17:C19) | D20: =SUM(D17:D19) | E20: =AVERAGE(데이터_원천!C2:C101) | F20: =SUM(F17:F19)

Sheet 브랜드_분석
B2: 브랜드별 제품 현황 및 가격·리뷰 분석
B4: 브랜드명 | C4: 제품 수(개) | D4: 평균 가격(원) | E4: 최저 가격(원) | F4: 최고 가격(원) | G4: 총 리뷰 수(개) | H4: 평균 리뷰 수
B5: 앱코 | C5: =COUNTIF(데이터_원천!G2:G101, "앱코") | D5: =AVERAGEIF(데이터_원천!G2:G101, "앱코", 데이터_원천!C2:C101) | E5: =MINIFS(데이터_원천!C2:C101, 데이터_원천!G2:G101, "앱코") | F5: =MAXIFS(데이터_원천!C2:C101, 데이터_원천!G2:G101, "앱코") | G5: =SUMIF(데이터_원천!G2:G101, "앱코", 데이터_원천!E2:E101) | H5: =AVERAGEIF(데이터_원천!G2:G101, "앱코", 데이터_원천!E2:E101)
B6: 로지텍 | C6: =COUNTIF(데이터_원천!G2:G101, "로지텍") | D6: =AVERAGEIF(데이터_원천!G2:G101, "로지텍", 데이터_원천!C2:C101) | E6: =MINIFS(데이터_원천!C2:C101, 데이터_원천!G2:G101, "로지텍") | F6: =MAXIFS(데이터_원천!C2:C101, 데이터_원천!G2:G101, "로지텍") | G6: =SUMIF(데이터_원천!G2:G101, "로지텍", 데이터_원천!E2:E101) | H6: =AVERAGEIF(데이터_원천!G2:G101, "로지텍", 데이터_원천!E2:E101)
B7: AULA | C7: =COUNTIF(데이터_원천!G2:G101, "AULA") | D7: =AVERAGEIF(데이터_원천!G2:G101, "AULA", 데이터_원천!C2:C101) | E7: =MINIFS(데이터_원천!C2:C101, 데이터_원천!G2:G101, "AULA") | F7: =MAXIFS(데이터_원천!C2:C101, 데이터_원천!G2:G101, "AULA") | G7: =SUMIF(데이터_원천!G2:G101, "AULA", 데이터_원천!E2:E101) | H7: =AVERAGEIF(데이터_원천!G2:G101, "AULA", 데이터_원천!E2:E101)
B8: COX | C8: =COUNTIF(데이터_원천!G2:G101, "COX") | D8: =AVERAGEIF(데이터_원천!G2:G101, "COX", 데이터_원천!C2:C101) | E8: =MINIFS(데이터_원천!C2:C101, 데이터_원천!G2:G101, "COX") | F8: =MAXIFS(데이터_원천!C2:C101, 데이터_원천!G2:G101, "COX") | G8: =SUMIF(데이터_원천!G2:G101, "COX", 데이터_원천!E2:E101) | H8: =AVERAGEIF(데이터_원천!G2:G101, "COX", 데이터_원천!E2:E101)
B9: 커세어 | C9: =COUNTIF(데이터_원천!G2:G101, "커세어") | D9: =AVERAGEIF(데이터_원천!G2:G101, "커세어", 데이터_원천!C2:C101) | E9: =MINIFS(데이터_원천!C2:C101, 데이터_원천!G2:G101, "커세어") | F9: =MAXIFS(데이터_원천!C2:C101, 데이터_원천!G2:G101, "커세어") | G9: =SUMIF(데이터_원천!G2:G101, "커세어", 데이터_원천!E2:E101) | H9: =AVERAGEIF(데이터_원천!G2:G101, "커세어", 데이터_원천!E2:E101)
B10: FL-ESPORTS | C10: =COUNTIF(데이터_원천!G2:G101, "FL-ESPORTS") | D10: =AVERAGEIF(데이터_원천!G2:G101, "FL-ESPORTS", 데이터_원천!C2:C101) | E10: =MINIFS(데이터_원천!C2:C101, 데이터_원천!G2:G101, "FL-ESPORTS") | F10: =MAXIFS(데이터_원천!C2:C101, 데이터_원천!G2:G101, "FL-ESPORTS") | G10: =SUMIF(데이터_원천!G2:G101, "FL-ESPORTS", 데이터_원천!E2:E101) | H10: =AVERAGEIF(데이터_원천!G2:G101, "FL-ESPORTS", 데이터_원천!E2:E101)
B11: 프리플로우 | C11: =COUNTIF(데이터_원천!G2:G101, "프리플로우") | D11: =AVERAGEIF(데이터_원천!G2:G101, "프리플로우", 데이터_원천!C2:C101) | E11: =MINIFS(데이터_원천!C2:C101, 데이터_원천!G2:G101, "프리플로우") | F11: =MAXIFS(데이터_원천!C2:C101, 데이터_원천!G2:G101, "프리플로우") | G11: =SUMIF(데이터_원천!G2:G101, "프리플로우", 데이터_원천!E2:E101) | H11: =AVERAGEIF(데이터_원천!G2:G101, "프리플로우", 데이터_원천!E2:E101)
B12: 한성컴퓨터 | C12: =COUNTIF(데이터_원천!G2:G101, "한성컴퓨터") | D12: =AVERAGEIF(데이터_원천!G2:G101, "한성컴퓨터", 데이터_원천!C2:C101) | E12: =MINIFS(데이터_원천!C2:C101, 데이터_원천!G2:G101, "한성컴퓨터") | F12: =MAXIFS(데이터_원천!C2:C101, 데이터_원천!G2:G101, "한성컴퓨터") | G12: =SUMIF(데이터_원천!G2:G101, "한성컴퓨터", 데이터_원천!E2:E101) | H12: =AVERAGEIF(데이터_원천!G2:G101, "한성컴퓨터", 데이터_원천!E2:E101)
B13: QSENN | C13: =COUNTIF(데이터_원천!G2:G101, "QSENN") | D13: =AVERAGEIF(데이터_원천!G2:G101, "QSENN", 데이터_원천!C2:C101) | E13: =MINIFS(데이터_원천!C2:C101, 데이터_원천!G2:G101, "QSENN") | F13: =MAXIFS(데이터_원천!C2:C101, 데이터_원천!G2:G101, "QSENN") | G13: =SUMIF(데이터_원천!G2:G101, "QSENN", 데이터_원천!E2:E101) | H13: =AVERAGEIF(데이터_원천!G2:G101, "QSENN", 데이터_원천!E2:E101)
B14: CHERRY | C14: =COUNTIF(데이터_원천!G2:G101, "CHERRY") | D14: =AVERAGEIF(데이터_원천!G2:G101, "CHERRY", 데이터_원천!C2:C101) | E14: =MINIFS(데이터_원천!C2:C101, 데이터_원천!G2:G101, "CHERRY") | F14: =MAXIFS(데이터_원천!C2:C101, 데이터_원천!G2:G101, "CHERRY") | G14: =SUMIF(데이터_원천!G2:G101, "CHERRY", 데이터_원천!E2:E101) | H14: =AVERAGEIF(데이터_원천!G2:G101, "CHERRY", 데이터_원천!E2:E101)
B15: 지클릭커 | C15: =COUNTIF(데이터_원천!G2:G101, "지클릭커") | D15: =AVERAGEIF(데이터_원천!G2:G101, "지클릭커", 데이터_원천!C2:C101) | E15: =MINIFS(데이터_원천!C2:C101, 데이터_원천!G2:G101, "지클릭커") | F15: =MAXIFS(데이터_원천!C2:C101, 데이터_원천!G2:G101, "지클릭커") | G15: =SUMIF(데이터_원천!G2:G101, "지클릭커", 데이터_원천!E2:E101) | H15: =AVERAGEIF(데이터_원천!G2:G101, "지클릭커", 데이터_원천!E2:E101)
B16: darkFlash | C16: =COUNTIF(데이터_원천!G2:G101, "darkFlash") | D16: =AVERAGEIF(데이터_원천!G2:G101, "darkFlash", 데이터_원천!C2:C101) | E16: =MINIFS(데이터_원천!C2:C101, 데이터_원천!G2:G101, "darkFlash") | F16: =MAXIFS(데이터_원천!C2:C101, 데이터_원천!G2:G101, "darkFlash") | G16: =SUMIF(데이터_원천!G2:G101, "darkFlash", 데이터_원천!E2:E101) | H16: =AVERAGEIF(데이터_원천!G2:G101, "darkFlash", 데이터_원천!E2:E101)
B17: RAZER | C17: =COUNTIF(데이터_원천!G2:G101, "RAZER") | D17: =AVERAGEIF(데이터_원천!G2:G101, "RAZER", 데이터_원천!C2:C101) | E17: =MINIFS(데이터_원천!C2:C101, 데이터_원천!G2:G101, "RAZER") | F17: =MAXIFS(데이터_원천!C2:C101, 데이터_원천!G2:G101, "RAZER") | G17: =SUMIF(데이터_원천!G2:G101, "RAZER", 데이터_원천!E2:E101) | H17: =AVERAGEIF(데이터_원천!G2:G101, "RAZER", 데이터_원천!E2:E101)
B18: Nillkin | C18: =COUNTIF(데이터_원천!G2:G101, "Nillkin") | D18: =AVERAGEIF(데이터_원천!G2:G101, "Nillkin", 데이터_원천!C2:C101) | E18: =MINIFS(데이터_원천!C2:C101, 데이터_원천!G2:G101, "Nillkin") | F18: =MAXIFS(데이터_원천!C2:C101, 데이터_원천!G2:G101, "Nillkin") | G18: =SUMIF(데이터_원천!G2:G101, "Nillkin", 데이터_원천!E2:E101) | H18: =AVERAGEIF(데이터_원천!G2:G101, "Nillkin", 데이터_원천!E2:E101)
B19: SPM | C19: =COUNTIF(데이터_원천!G2:G101, "SPM") | D19: =AVERAGEIF(데이터_원천!G2:G101, "SPM", 데이터_원천!C2:C101) | E19: =MINIFS(데이터_원천!C2:C101, 데이터_원천!G2:G101, "SPM") | F19: =MAXIFS(데이터_원천!C2:C101, 데이터_원천!G2:G101, "SPM") | G19: =SUMIF(데이터_원천!G2:G101, "SPM", 데이터_원천!E2:E101) | H19: =AVERAGEIF(데이터_원천!G2:G101, "SPM", 데이터_원천!E2:E101)
B20: 주연테크 | C20: =COUNTIF(데이터_원천!G2:G101, "주연테크") | D20: =AVERAGEIF(데이터_원천!G2:G101, "주연테크", 데이터_원천!C2:C101) | E20: =MINIFS(데이터_원천!C2:C101, 데이터_원천!G2:G101, "주연테크") | F20: =MAXIFS(데이터_원천!C2:C101, 데이터_원천!G2:G101, "주연테크") | G20: =SUMIF(데이터_원천!G2:G101, "주연테크", 데이터_원천!E2:E101) | H20: =AVERAGEIF(데이터_원천!G2:G101, "주연테크", 데이터_원천!E2:E101)
B21: ASUS | C21: =COUNTIF(데이터_원천!G2:G101, "ASUS") | D21: =AVERAGEIF(데이터_원천!G2:G101, "ASUS", 데이터_원천!C2:C101) | E21: =MINIFS(데이터_원천!C2:C101, 데이터_원천!G2:G101, "ASUS") | F21: =MAXIFS(데이터_원천!C2:C101, 데이터_원천!G2:G101, "ASUS") | G21: =SUMIF(데이터_원천!G2:G101, "ASUS", 데이터_원천!E2:E101) | H21: =AVERAGEIF(데이터_원천!G2:G101, "ASUS", 데이터_원천!E2:E101)
B22: 글로리어스 | C22: =COUNTIF(데이터_원천!G2:G101, "글로리어스") | D22: =AVERAGEIF(데이터_원천!G2:G101, "글로리어스", 데이터_원천!C2:C101) | E22: =MINIFS(데이터_원천!C2:C101, 데이터_원천!G2:G101, "글로리어스") | F22: =MAXIFS(데이터_원천!C2:C101, 데이터_원천!G2:G101, "글로리어스") | G22: =SUMIF(데이터_원천!G2:G101, "글로리어스", 데이터_원천!E2:E101) | H22: =AVERAGEIF(데이터_원천!G2:G101, "글로리어스", 데이터_원천!E2:E101)
B23: KiiBOOM | C23: =COUNTIF(데이터_원천!G2:G101, "KiiBOOM") | D23: =AVERAGEIF(데이터_원천!G2:G101, "KiiBOOM", 데이터_원천!C2:C101) | E23: =MINIFS(데이터_원천!C2:C101, 데이터_원천!G2:G101, "KiiBOOM") | F23: =MAXIFS(데이터_원천!C2:C101, 데이터_원천!G2:G101, "KiiBOOM") | G23: =SUMIF(데이터_원천!G2:G101, "KiiBOOM", 데이터_원천!E2:E101) | H23: =AVERAGEIF(데이터_원천!G2:G101, "KiiBOOM", 데이터_원천!E2:E101)
B24: STCOM | C24: =COUNTIF(데이터_원천!G2:G101, "STCOM") | D24: =AVERAGEIF(데이터_원천!G2:G101, "STCOM", 데이터_원천!C2:C101) | E24: =MINIFS(데이터_원천!C2:C101, 데이터_원천!G2:G101, "STCOM") | F24: =MAXIFS(데이터_원천!C2:C101, 데이터_원천!G2:G101, "STCOM") | G24: =SUMIF(데이터_원천!G2:G101, "STCOM", 데이터_원천!E2:E101) | H24: =AVERAGEIF(데이터_원천!G2:G101, "STCOM", 데이터_원천!E2:E101)
B25: 마이크로닉스 | C25: =COUNTIF(데이터_원천!G2:G101, "마이크로닉스") | D25: =AVERAGEIF(데이터_원천!G2:G101, "마이크로닉스", 데이터_원천!C2:C101) | E25: =MINIFS(데이터_원천!C2:C101, 데이터_원천!G2:G101, "마이크로닉스") | F25: =MAXIFS(데이터_원천!C2:C101, 데이터_원천!G2:G101, "마이크로닉스") | G25: =SUMIF(데이터_원천!G2:G101, "마이크로닉스", 데이터_원천!E2:E101) | H25: =AVERAGEIF(데이터_원천!G2:G101, "마이크로닉스", 데이터_원천!E2:E101)
B26: 삼성전자 | C26: =COUNTIF(데이터_원천!G2:G101, "삼성전자") | D26: =AVERAGEIF(데이터_원천!G2:G101, "삼성전자", 데이터_원천!C2:C101) | E26: =MINIFS(데이터_원천!C2:C101, 데이터_원천!G2:G101, "삼성전자") | F26: =MAXIFS(데이터_원천!C2:C101, 데이터_원천!G2:G101, "삼성전자") | G26: =SUMIF(데이터_원천!G2:G101, "삼성전자", 데이터_원천!E2:E101) | H26: =AVERAGEIF(데이터_원천!G2:G101, "삼성전자", 데이터_원천!E2:E101)
B27: 합계 / 전체 평균 | C27: =SUM(C5:C26) | D27: =AVERAGE(데이터_원천!C2:C101) | E27: =MIN(데이터_원천!C2:C101) | F27: =MAX(데이터_원천!C2:C101) | G27: =SUM(G5:G26) | H27: =AVERAGE(데이터_원천!E2:E101)

Sheet 연결및스위치_분석
B2: 연결 방식 및 스위치 종류별 통계
B4: 1. 연결 방식별 현황
B5: 연결 방식 | C5: 제품 수(개) | D5: 비중(%) | E5: 평균 가격(원) | F5: 총 리뷰 수(개)
B6: 유선 | C6: =COUNTIF(데이터_원천!D2:D101, "유선") | D6: =C6/C10 | E6: =AVERAGEIF(데이터_원천!D2:D101, "유선", 데이터_원천!C2:C101) | F6: =SUMIF(데이터_원천!D2:D101, "유선", 데이터_원천!E2:E101)
B7: 유선+무선 | C7: =COUNTIF(데이터_원천!D2:D101, "유선+무선") | D7: =C7/C10 | E7: =AVERAGEIF(데이터_원천!D2:D101, "유선+무선", 데이터_원천!C2:C101) | F7: =SUMIF(데이터_원천!D2:D101, "유선+무선", 데이터_원천!E2:E101)
B8: 무선 | C8: =COUNTIF(데이터_원천!D2:D101, "무선") | D8: =C8/C10 | E8: =AVERAGEIF(데이터_원천!D2:D101, "무선", 데이터_원천!C2:C101) | F8: =SUMIF(데이터_원천!D2:D101, "무선", 데이터_원천!E2:E101)
B9: 기타/미표기 | C9: =COUNTIF(데이터_원천!D2:D101, "기타/미표기") | D9: =C9/C10 | E9: =AVERAGEIF(데이터_원천!D2:D101, "기타/미표기", 데이터_원천!C2:C101) | F9: =SUMIF(데이터_원천!D2:D101, "기타/미표기", 데이터_원천!E2:E101)
B10: 합계 | C10: =SUM(C6:C9) | D10: =SUM(D6:D9) | E10: =AVERAGE(데이터_원천!C2:C101) | F10: =SUM(F6:F9)
B13: 2. 주요 스위치/축별 현황
B14: 스위치 종류 | C14: 제품 수(개) | D14: 비중(%) | E14: 평균 가격(원) | F14: 총 리뷰 수(개)
B15: 일반/미표기 | C15: =COUNTIF(데이터_원천!B2:B101, "일반/미표기") | D15: =C15/C35 | E15: =AVERAGEIF(데이터_원천!B2:B101, "일반/미표기", 데이터_원천!C2:C101) | F15: =SUMIF(데이터_원천!B2:B101, "일반/미표기", 데이터_원천!E2:E101)
B16: 저소음 바다축 | C16: =COUNTIF(데이터_원천!B2:B101, "저소음 바다축") | D16: =C16/C35 | E16: =AVERAGEIF(데이터_원천!B2:B101, "저소음 바다축", 데이터_원천!C2:C101) | F16: =SUMIF(데이터_원천!B2:B101, "저소음 바다축", 데이터_원천!E2:E101)
B17: 적축 | C17: =COUNTIF(데이터_원천!B2:B101, "적축") | D17: =C17/C35 | E17: =AVERAGEIF(데이터_원천!B2:B101, "적축", 데이터_원천!C2:C101) | F17: =SUMIF(데이터_원천!B2:B101, "적축", 데이터_원천!E2:E101)
B18: 갈축 | C18: =COUNTIF(데이터_원천!B2:B101, "갈축") | D18: =C18/C35 | E18: =AVERAGEIF(데이터_원천!B2:B101, "갈축", 데이터_원천!C2:C101) | F18: =SUMIF(데이터_원천!B2:B101, "갈축", 데이터_원천!E2:E101)
B19: 레몬축 | C19: =COUNTIF(데이터_원천!B2:B101, "레몬축") | D19: =C19/C35 | E19: =AVERAGEIF(데이터_원천!B2:B101, "레몬축", 데이터_원천!C2:C101) | F19: =SUMIF(데이터_원천!B2:B101, "레몬축", 데이터_원천!E2:E101)
B20: 저소음 피치축 V2 | C20: =COUNTIF(데이터_원천!B2:B101, "저소음 피치축 V2") | D20: =C20/C35 | E20: =AVERAGEIF(데이터_원천!B2:B101, "저소음 피치축 V2", 데이터_원천!C2:C101) | F20: =SUMIF(데이터_원천!B2:B101, "저소음 피치축 V2", 데이터_원천!E2:E101)
B21: 저소음 피치축 | C21: =COUNTIF(데이터_원천!B2:B101, "저소음 피치축") | D21: =C21/C35 | E21: =AVERAGEIF(데이터_원천!B2:B101, "저소음 피치축", 데이터_원천!C2:C101) | F21: =SUMIF(데이터_원천!B2:B101, "저소음 피치축", 데이터_원천!E2:E101)
B22: 저소음 스톰축 | C22: =COUNTIF(데이터_원천!B2:B101, "저소음 스톰축") | D22: =C22/C35 | E22: =AVERAGEIF(데이터_원천!B2:B101, "저소음 스톰축", 데이터_원천!C2:C101) | F22: =SUMIF(데이터_원천!B2:B101, "저소음 스톰축", 데이터_원천!E2:E101)
B23: 소복눈축 | C23: =COUNTIF(데이터_원천!B2:B101, "소복눈축") | D23: =C23/C35 | E23: =AVERAGEIF(데이터_원천!B2:B101, "소복눈축", 데이터_원천!C2:C101) | F23: =SUMIF(데이터_원천!B2:B101, "소복눈축", 데이터_원천!E2:E101)
B24: 저소음 솜사탕축 | C24: =COUNTIF(데이터_원천!B2:B101, "저소음 솜사탕축") | D24: =C24/C35 | E24: =AVERAGEIF(데이터_원천!B2:B101, "저소음 솜사탕축", 데이터_원천!C2:C101) | F24: =SUMIF(데이터_원천!B2:B101, "저소음 솜사탕축", 데이터_원천!E2:E101)
B25: 저소음 바다소금축 | C25: =COUNTIF(데이터_원천!B2:B101, "저소음 바다소금축") | D25: =C25/C35 | E25: =AVERAGEIF(데이터_원천!B2:B101, "저소음 바다소금축", 데이터_원천!C2:C101) | F25: =SUMIF(데이터_원천!B2:B101, "저소음 바다소금축", 데이터_원천!E2:E101)
B26: SNOW축 | C26: =COUNTIF(데이터_원천!B2:B101, "SNOW축") | D26: =C26/C35 | E26: =AVERAGEIF(데이터_원천!B2:B101, "SNOW축", 데이터_원천!C2:C101) | F26: =SUMIF(데이터_원천!B2:B101, "SNOW축", 데이터_원천!E2:E101)
B27: 경해축 | C27: =COUNTIF(데이터_원천!B2:B101, "경해축") | D27: =C27/C35 | E27: =AVERAGEIF(데이터_원천!B2:B101, "경해축", 데이터_원천!C2:C101) | F27: =SUMIF(데이터_원천!B2:B101, "경해축", 데이터_원천!E2:E101)
B28: 멜론축 | C28: =COUNTIF(데이터_원천!B2:B101, "멜론축") | D28: =C28/C35 | E28: =AVERAGEIF(데이터_원천!B2:B101, "멜론축", 데이터_원천!C2:C101) | F28: =SUMIF(데이터_원천!B2:B101, "멜론축", 데이터_원천!E2:E101)
B29: 마그네틱축 | C29: =COUNTIF(데이터_원천!B2:B101, "마그네틱축") | D29: =C29/C35 | E29: =AVERAGEIF(데이터_원천!B2:B101, "마그네틱축", 데이터_원천!C2:C101) | F29: =SUMIF(데이터_원천!B2:B101, "마그네틱축", 데이터_원천!E2:E101)
B30: 햇살축 | C30: =COUNTIF(데이터_원천!B2:B101, "햇살축") | D30: =C30/C35 | E30: =AVERAGEIF(데이터_원천!B2:B101, "햇살축", 데이터_원천!C2:C101) | F30: =SUMIF(데이터_원천!B2:B101, "햇살축", 데이터_원천!E2:E101)
B31: 저소음 파도축 | C31: =COUNTIF(데이터_원천!B2:B101, "저소음 파도축") | D31: =C31/C35 | E31: =AVERAGEIF(데이터_원천!B2:B101, "저소음 파도축", 데이터_원천!C2:C101) | F31: =SUMIF(데이터_원천!B2:B101, "저소음 파도축", 데이터_원천!E2:E101)
B32: 클릭 | C32: =COUNTIF(데이터_원천!B2:B101, "클릭") | D32: =C32/C35 | E32: =AVERAGEIF(데이터_원천!B2:B101, "클릭", 데이터_원천!C2:C101) | F32: =SUMIF(데이터_원천!B2:B101, "클릭", 데이터_원천!E2:E101)
B33: 5+5개, 클릭/리니어 | C33: =COUNTIF(데이터_원천!B2:B101, "5+5개, 클릭/리니어") | D33: =C33/C35 | E33: =AVERAGEIF(데이터_원천!B2:B101, "5+5개, 클릭/리니어", 데이터_원천!C2:C101) | F33: =SUMIF(데이터_원천!B2:B101, "5+5개, 클릭/리니어", 데이터_원천!E2:E101)
B34: 세이야축 | C34: =COUNTIF(데이터_원천!B2:B101, "세이야축") | D34: =C34/C35 | E34: =AVERAGEIF(데이터_원천!B2:B101, "세이야축", 데이터_원천!C2:C101) | F34: =SUMIF(데이터_원천!B2:B101, "세이야축", 데이터_원천!E2:E101)
B35: 합계 | C35: =SUM(C15:C34) | D35: =SUM(D15:D34) | E35: =AVERAGE(데이터_원천!C2:C101) | F35: =SUM(F15:F34)

Sheet 데이터_원천
A1: 제품명 | B1: 스위치종류 | C1: 가격(원) | D1: 연결방식 | E1: 리뷰수 | F1: 가격대 | G1: 브랜드
A2: AULA F108 PRO 유무선 기계식 치즈 화이트 한글 (저소음 바다축) | B2: 저소음 바다축 | C2: 89000 | D2: 유선+무선 | E2: 0 | F2: 중급형 (5~15만원) | G2: AULA
A3: 앱코 K560 축교환 레인보우 무빙 LED 기계식 블랙 (적축) | B3: 적축 | C3: 28510 | D3: 유선 | E3: 126 | F3: 보급형 (<5만원) | G3: 앱코
A4: FL-ESPORTS NX87HE 민트 블랙 (저소음 스톰축) | B4: 저소음 스톰축 | C4: 98000 | D4: 유선 | E4: 1 | F4: 중급형 (5~15만원) | G4: FL-ESPORTS
A5: AULA F87 Pro 기계식 다크 올리비아 한글 (저소음 바다축) | B5: 저소음 바다축 | C5: 48000 | D5: 유선 | E5: 0 | F5: 보급형 (<5만원) | G5: AULA
A6: AULA F108 기계식 라이트 그레이 (저소음 바다축) | B6: 저소음 바다축 | C6: 65000 | D6: 유선 | E6: 0 | F6: 중급형 (5~15만원) | G6: AULA
A7: 로지텍 KEYS-TO-GO 2 (정품) (그라파이트) | B7: 일반/미표기 | C7: 86900 | D7: 무선 | E7: 91 | F7: 중급형 (5~15만원) | G7: 로지텍
A8: AULA F87 Pro 유무선 기계식 인디고 블랙 한글 (저소음 피치축 V2) | B8: 저소음 피치축 V2 | C8: 67000 | D8: 유선+무선 | E8: 34 | F8: 중급형 (5~15만원) | G8: AULA
A9: CORSAIR 뱅가드 AIR 99 무선 (화이트) | B9: 일반/미표기 | C9: 370750 | D9: 유선+무선 | E9: 1 | F9: 프리미엄 (≥15만원) | G9: 커세어
A10: CORSAIR 뱅가드 PRO 96 게이밍 | B10: 일반/미표기 | C10: 198990 | D10: 유선 | E10: 7 | F10: 프리미엄 (≥15만원) | G10: 커세어
A11: COX CKM40W 저소음 무선 키보드 마우스 세트 (블랙) | B11: 일반/미표기 | C11: 17900 | D11: 무선 | E11: 24 | F11: 보급형 (<5만원) | G11: COX
A12: Razer Huntsman V3 HE Magnetic TKL | B12: 일반/미표기 | C12: 239000 | D12: 유선 | E12: 0 | F12: 프리미엄 (≥15만원) | G12: RAZER
A13: 로지텍 MK295 SILENT (정품) (블랙) | B13: 일반/미표기 | C13: 37900 | D13: 무선 | E13: 326 | F13: 보급형 (<5만원) | G13: 로지텍
... A101: 로지텍 G515 LIGHTSPEED TKL (정품) (화이트) | B101: 일반/미표기 | C101: 129000 | D101: 유선+무선 | E101: 43 | F101: 중급형 (5~15만원) | G101: 로지텍
