Workbook

Sheet 시장 요약 (Summary)
B2: 다나와 키보드 시장 실시간 통계 분석 리포트
B3: 수집 표본: 100개 인기 상품 | 기준일자: 2026-08-27
B5: 총 상품 수 | C5: 평균 가격 | D5: 중앙값 가격 | E5: 최고 가격 | F5: 최저 가격 | G5: 총 리뷰 수
B6: =COUNT('전체 상품 데이터 (Raw Data)'!D2:D101) | C6: =AVERAGE('전체 상품 데이터 (Raw Data)'!D2:D101) | D6: =MEDIAN('전체 상품 데이터 (Raw Data)'!D2:D101) | E6: =MAX('전체 상품 데이터 (Raw Data)'!D2:D101) | F6: =MIN('전체 상품 데이터 (Raw Data)'!D2:D101) | G6: =SUM('전체 상품 데이터 (Raw Data)'!G2:G101)
B9: 1. 주요 브랜드별 점유율 및 평균 가격
B10: 브랜드 | C10: 상품 수 (개) | D10: 시장 점유율 | E10: 평균 가격 (원) | F10: 최저 가격 (원) | G10: 최고 가격 (원)
B11: 로지텍 (Logitech) | C11: =COUNTIF('전체 상품 데이터 (Raw Data)'!$B$2:$B$101, "로지텍 (Logitech)") | D11: =C11/$B$6 | E11: =AVERAGEIF('전체 상품 데이터 (Raw Data)'!$B$2:$B$101, "로지텍 (Logitech)", '전체 상품 데이터 (Raw Data)'!$D$2:$D$101) | F11: =MINIFS('전체 상품 데이터 (Raw Data)'!$D$2:$D$101, '전체 상품 데이터 (Raw Data)'!$B$2:$B$101, "로지텍 (Logitech)") | G11: =MAXIFS('전체 상품 데이터 (Raw Data)'!$D$2:$D$101, '전체 상품 데이터 (Raw Data)'!$B$2:$B$101, "로지텍 (Logitech)")
B12: 앱코 (ABKO) | C12: =COUNTIF('전체 상품 데이터 (Raw Data)'!$B$2:$B$101, "앱코 (ABKO)") | D12: =C12/$B$6 | E12: =AVERAGEIF('전체 상품 데이터 (Raw Data)'!$B$2:$B$101, "앱코 (ABKO)", '전체 상품 데이터 (Raw Data)'!$D$2:$D$101) | F12: =MINIFS('전체 상품 데이터 (Raw Data)'!$D$2:$D$101, '전체 상품 데이터 (Raw Data)'!$B$2:$B$101, "앱코 (ABKO)") | G12: =MAXIFS('전체 상품 데이터 (Raw Data)'!$D$2:$D$101, '전체 상품 데이터 (Raw Data)'!$B$2:$B$101, "앱코 (ABKO)")
B13: AULA (독거미) | C13: =COUNTIF('전체 상품 데이터 (Raw Data)'!$B$2:$B$101, "AULA (독거미)") | D13: =C13/$B$6 | E13: =AVERAGEIF('전체 상품 데이터 (Raw Data)'!$B$2:$B$101, "AULA (독거미)", '전체 상품 데이터 (Raw Data)'!$D$2:$D$101) | F13: =MINIFS('전체 상품 데이터 (Raw Data)'!$D$2:$D$101, '전체 상품 데이터 (Raw Data)'!$B$2:$B$101, "AULA (독거미)") | G13: =MAXIFS('전체 상품 데이터 (Raw Data)'!$D$2:$D$101, '전체 상품 데이터 (Raw Data)'!$B$2:$B$101, "AULA (독거미)")
B14: COX | C14: =COUNTIF('전체 상품 데이터 (Raw Data)'!$B$2:$B$101, "COX") | D14: =C14/$B$6 | E14: =AVERAGEIF('전체 상품 데이터 (Raw Data)'!$B$2:$B$101, "COX", '전체 상품 데이터 (Raw Data)'!$D$2:$D$101) | F14: =MINIFS('전체 상품 데이터 (Raw Data)'!$D$2:$D$101, '전체 상품 데이터 (Raw Data)'!$B$2:$B$101, "COX") | G14: =MAXIFS('전체 상품 데이터 (Raw Data)'!$D$2:$D$101, '전체 상품 데이터 (Raw Data)'!$B$2:$B$101, "COX")
B15: 커세어 (CORSAIR) | C15: =COUNTIF('전체 상품 데이터 (Raw Data)'!$B$2:$B$101, "커세어 (CORSAIR)") | D15: =C15/$B$6 | E15: =AVERAGEIF('전체 상품 데이터 (Raw Data)'!$B$2:$B$101, "커세어 (CORSAIR)", '전체 상품 데이터 (Raw Data)'!$D$2:$D$101) | F15: =MINIFS('전체 상품 데이터 (Raw Data)'!$D$2:$D$101, '전체 상품 데이터 (Raw Data)'!$B$2:$B$101, "커세어 (CORSAIR)") | G15: =MAXIFS('전체 상품 데이터 (Raw Data)'!$D$2:$D$101, '전체 상품 데이터 (Raw Data)'!$B$2:$B$101, "커세어 (CORSAIR)")
B16: FL-ESPORTS | C16: =COUNTIF('전체 상품 데이터 (Raw Data)'!$B$2:$B$101, "FL-ESPORTS") | D16: =C16/$B$6 | E16: =AVERAGEIF('전체 상품 데이터 (Raw Data)'!$B$2:$B$101, "FL-ESPORTS", '전체 상품 데이터 (Raw Data)'!$D$2:$D$101) | F16: =MINIFS('전체 상품 데이터 (Raw Data)'!$D$2:$D$101, '전체 상품 데이터 (Raw Data)'!$B$2:$B$101, "FL-ESPORTS") | G16: =MAXIFS('전체 상품 데이터 (Raw Data)'!$D$2:$D$101, '전체 상품 데이터 (Raw Data)'!$B$2:$B$101, "FL-ESPORTS")
B17: 프리플로우 | C17: =COUNTIF('전체 상품 데이터 (Raw Data)'!$B$2:$B$101, "프리플로우") | D17: =C17/$B$6 | E17: =AVERAGEIF('전체 상품 데이터 (Raw Data)'!$B$2:$B$101, "프리플로우", '전체 상품 데이터 (Raw Data)'!$D$2:$D$101) | F17: =MINIFS('전체 상품 데이터 (Raw Data)'!$D$2:$D$101, '전체 상품 데이터 (Raw Data)'!$B$2:$B$101, "프리플로우") | G17: =MAXIFS('전체 상품 데이터 (Raw Data)'!$D$2:$D$101, '전체 상품 데이터 (Raw Data)'!$B$2:$B$101, "프리플로우")
B18: darkFlash | C18: =COUNTIF('전체 상품 데이터 (Raw Data)'!$B$2:$B$101, "darkFlash") | D18: =C18/$B$6 | E18: =AVERAGEIF('전체 상품 데이터 (Raw Data)'!$B$2:$B$101, "darkFlash", '전체 상품 데이터 (Raw Data)'!$D$2:$D$101) | F18: =MINIFS('전체 상품 데이터 (Raw Data)'!$D$2:$D$101, '전체 상품 데이터 (Raw Data)'!$B$2:$B$101, "darkFlash") | G18: =MAXIFS('전체 상품 데이터 (Raw Data)'!$D$2:$D$101, '전체 상품 데이터 (Raw Data)'!$B$2:$B$101, "darkFlash")
B21: 2. 연결 방식별 점유율 및 평균 가격
B22: 연결 방식 | C22: 상품 수 (개) | D22: 점유율 | E22: 평균 가격 (원) | F22: 총 리뷰 수 (건)
B23: 유선 | C23: =COUNTIF('전체 상품 데이터 (Raw Data)'!$F$2:$F$101, "유선") | D23: =C23/$B$6 | E23: =AVERAGEIF('전체 상품 데이터 (Raw Data)'!$F$2:$F$101, "유선", '전체 상품 데이터 (Raw Data)'!$D$2:$D$101) | F23: =SUMIF('전체 상품 데이터 (Raw Data)'!$F$2:$F$101, "유선", '전체 상품 데이터 (Raw Data)'!$G$2:$G$101)
B24: 유선+무선 | C24: =COUNTIF('전체 상품 데이터 (Raw Data)'!$F$2:$F$101, "유선+무선") | D24: =C24/$B$6 | E24: =AVERAGEIF('전체 상품 데이터 (Raw Data)'!$F$2:$F$101, "유선+무선", '전체 상품 데이터 (Raw Data)'!$D$2:$D$101) | F24: =SUMIF('전체 상품 데이터 (Raw Data)'!$F$2:$F$101, "유선+무선", '전체 상품 데이터 (Raw Data)'!$G$2:$G$101)
B25: 무선 | C25: =COUNTIF('전체 상품 데이터 (Raw Data)'!$F$2:$F$101, "무선") | D25: =C25/$B$6 | E25: =AVERAGEIF('전체 상품 데이터 (Raw Data)'!$F$2:$F$101, "무선", '전체 상품 데이터 (Raw Data)'!$D$2:$D$101) | F25: =SUMIF('전체 상품 데이터 (Raw Data)'!$F$2:$F$101, "무선", '전체 상품 데이터 (Raw Data)'!$G$2:$G$101)
B26: 미표기 | C26: =COUNTIF('전체 상품 데이터 (Raw Data)'!$F$2:$F$101, "미표기") | D26: =C26/$B$6 | E26: =AVERAGEIF('전체 상품 데이터 (Raw Data)'!$F$2:$F$101, "미표기", '전체 상품 데이터 (Raw Data)'!$D$2:$D$101) | F26: =SUMIF('전체 상품 데이터 (Raw Data)'!$F$2:$F$101, "미표기", '전체 상품 데이터 (Raw Data)'!$G$2:$G$101)

Sheet 전체 상품 데이터 (Raw Data)
A1: No | B1: 브랜드 | C1: 상품명 | D1: 가격 (원) | E1: 스위치 종류 | F1: 연결 방식 | G1: 리뷰 수 | H1: 가격대 구간
A2: 1 | B2: AULA (독거미) | C2: AULA F108 PRO 유무선 기계식 치즈 화이트 한글 (저소음 바다축) | D2: 89000 | E2: 저소음 바다축 | F2: 유선+무선 | G2: 50 | H2: 7~15만원 (고급형/커스텀/무선)
A3: 2 | B3: AULA (독거미) | C3: AULA F87 Pro 유무선 기계식 인디고 블랙 한글 (저소음 피치축 V2) | D3: 67000 | E3: 저소음 피치축 V2 | F3: 유선+무선 | G3: 34 | H3: 3~7만원 (가성비 기계식/메인스트림)
A4: 3 | B4: FL-ESPORTS | C4: FL-ESPORTS NX87HE 민트 블랙 (저소음 스톰축) | D4: 98000 | E4: 저소음 스톰축 | F4: 유선 | G4: 1 | H4: 7~15만원 (고급형/커스텀/무선)
A5: 4 | B5: AULA (독거미) | C5: AULA F87 Pro 기계식 다크 올리비아 한글 (저소음 바다축) | D5: 48000 | E5: 저소음 바다축 | F5: 유선 | G5: 13 | H5: 3~7만원 (가성비 기계식/메인스트림)
A6: 5 | B6: 앱코 (ABKO) | C6: 앱코 K560 축교환 레인보우 무빙 LED 기계식 블랙 (적축) | D6: 28510 | E6: 적축 | F6: 유선 | G6: 126 | H6: 3만원 미만 (초가성비/보급형)
A7: 6 | B7: 로지텍 (Logitech) | C7: 로지텍 KEYS-TO-GO 2 (정품) (그라파이트) | D7: 84900 | E7: - | F7: 무선 | G7: 91 | H7: 7~15만원 (고급형/커스텀/무선)
A8: 7 | B8: 커세어 (CORSAIR) | C8: CORSAIR 뱅가드 AIR 99 무선 (화이트) | D8: 359440 | E8: - | F8: 유선+무선 | G8: 1 | H8: 15만원 이상 (하이엔드/플래그십)
A9: 8 | B9: 로지텍 (Logitech) | C9: 로지텍 MK295 SILENT (정품) (블랙) | D9: 37900 | E9: - | F9: 무선 | G9: 327 | H9: 3~7만원 (가성비 기계식/메인스트림)
A10: 9 | B10: 커세어 (CORSAIR) | C10: CORSAIR 뱅가드 PRO 96 게이밍 | D10: 208990 | E10: - | F10: 유선 | G10: 7 | H10: 15만원 이상 (하이엔드/플래그십)
A11: 10 | B11: 레이저 (Razer) | C11: Razer Huntsman V3 HE Magnetic TKL | D11: 239000 | E11: - | F11: 유선 | G11: 0 | H11: 15만원 이상 (하이엔드/플래그십)
A12: 11 | B12: AULA (독거미) | C12: AULA F108 기계식 라이트 그레이 (저소음 바다축) | D12: 65000 | E12: 저소음 바다축 | F12: 유선 | G12: 13 | H12: 3~7만원 (가성비 기계식/메인스트림)
A13: 12 | B13: AULA (독거미) | C13: AULA F108 유무선 기계식 스카이 블랙 한글 (저소음 바다축) | D13: 82000 | E13: 저소음 바다축 | F13: 유선+무선 | G13: 129 | H13: 7~15만원 (고급형/커스텀/무선)
... A101: 100 | B101: 체리 (CHERRY) | C101: CHERRY XTRFY K5 PRO TMR (블랙) | D101: 99000 | E101: - | F101: 유선 | G101: 0 | H101: 7~15만원 (고급형/커스텀/무선)
